Clevie,Vernau,Male,cvernau0@networkadvertising.org,3542237713,Hengling,Stoughton,8775
Russ,MacCague,Male,rmaccague1@tiny.cc,6915570874,Lamont,Grayhawk,42
Ursala,Farlane,Female,ufarlane2@disqus.com,3383151232,Carpentras,Macpherson,0
Bobby,Fuzzens,Male,bfuzzens3@mayoclinic.com,1509089665,Balitai,Bluestem,34545
Bren,MacLleese,Female,bmaclleese4@mac.com,1759966541,Papër,Russell,740
Milka,Turbitt,Female,mturbitt5@multiply.com,5446235913,Paccha,Lake View,19
Janis,Streets,Female,jstreets6@zdnet.com,4152975622,San Francisco,Mendota,96293
Berkie,Durward,Male,bdurward7@parallels.com,3235921583,Manokwari,Starling,865
Nicolas,Codeman,Male,ncodeman8@cam.ac.uk,7896312013,Bualu,Steensland,3
Carroll,Bartlam,Female,cbartlam9@narod.ru,1932384513,Acheng,Thompson,104
Stanwood,Lepick,Male,slepicka@is.gd,4994400790,Wanzhi,Coolidge,57
Amy,Antunez,Female,aantunezb@multiply.com,4304900914,Olenegorsk,Lake View,8756
Dorthea,Tooting,Female,dtootingc@ebay.com,3245160095,Vredenburg,Valley Edge,821
Ricardo,Limprecht,Male,rlimprechtd@sina.com.cn,3497314515,Chepes,Dunning,18926
Stacy,Zammitt,Male,szammitte@utexas.edu,7376261218,Kaka,Maple Wood,712
Conway,Philipard,Male,cphilipardf@indiatimes.com,1212905229,Oke Mesi,Calypso,007
Cate,Doale,Female,cdoaleg@1und1.de,7157839514,El Vigía,Meadow Valley,7
Katuscha,Raun,Female,kraunh@i2i.jp,5691358478,Trångsund,8th,7
Colin,Bosma,Male,cbosmai@skype.com,4746572629,Buracan,Southridge,08928
Morgun,Lonsdale,Male,mlonsdalej@ucsd.edu,4201430267,Zhangbang,Monica,62
Herrick,Shinn,Male,hshinnk@youku.com,7219470832,Fastiv,Parkside,83337
Nickie,Heads,Male,nheadsl@shutterfly.com,4788411858,Rucava,Green,4
Dianna,Guiden,Female,dguidenm@homestead.com,7943814397,Jatiraya,Holmberg,99270
Ira,Stearley,Female,istearleyn@addtoany.com,7262944467,Kapinango,Clove,2
Amil,Sturte,Female,asturteo@amazon.co.uk,6311757836,Karpokhórion,Paget,0988
Rowland,Entres,Male,rentresp@seesaa.net,6737015714,Koblain,Crownhardt,9933
Dione,O' Scallan,Female,doscallanq@linkedin.com,8913327735,São Roque,Westport,94
Bellina,Cunnah,Female,bcunnahr@cbslocal.com,3917775136,Vysokogornyy,Parkside,7043
Celka,Pragnell,Female,cpragnells@altervista.org,7427728053,Palca,Logan,67908
Elisabeth,Joreau,Female,ejoreaut@weibo.com,2524632464,Lethbridge,Northridge,51
Lonnie,Broadway,Male,lbroadwayu@exblog.jp,3669389509,Szeged,Cardinal,55
Norris,Dunseith,Male,ndunseithv@hud.gov,3479971484,Venda do Valador,Elgar,5
Datha,Denmead,Female,ddenmeadw@cbc.ca,4412930474,Pomiechówek,North,077
Fan,Perrelle,Female,fperrellex@nytimes.com,3162100447,Kongsvinger,Nevada,701
Averell,Retter,Male,arettery@usa.gov,5816018117,Asia,Stang,6
Al,Cordall,Male,acordallz@pcworld.com,8287399522,Jaro,Granby,1
Reina,Rust,Female,rrust10@yolasite.com,4897265624,Szeged,Carey,833
Farly,Suddock,Male,fsuddock11@ezinearticles.com,1963586784,Noshiro,Steensland,6
Delaney,Larn,Male,dlarn12@usgs.gov,4861113429,Sergiyev Posad,Park Meadow,0
Cleon,Beau,Male,cbeau13@dailymail.co.uk,2134565786,Inkerman,Kipling,8
Cookie,Bouldstridge,Female,cbouldstridge14@hibu.com,2438892108,Fengyang,Ilene,70
Kane,Eamer,Male,keamer15@unicef.org,7196027400,Pueblo,Kedzie,6
Burke,Edgcombe,Male,bedgcombe16@smh.com.au,9177524329,Lifuta,Dottie,6626
Ericha,De Marchi,Female,edemarchi17@de.vu,6965906632,Luwingu,Autumn Leaf,56778
Maddy,Arkley,Female,markley18@deliciousdays.com,6203068865,Sembakung,Michigan,31154
Engelbert,Westnedge,Male,ewestnedge19@pen.io,3998319955,Grivenskaya,Becker,12046
Purcell,Burrow,Male,pburrow1a@opera.com,6897372423,Siva,Beilfuss,26567
Karleen,Holme,Female,kholme1b@geocities.com,8035208814,Mauhao,Waubesa,036
Welbie,Ondricek,Male,wondricek1c@google.fr,5545501229,Wendo,Schiller,21789
Meriel,Ilyuchyov,Female,milyuchyov1d@admin.ch,3784929790,Zangbi,Sycamore,31
Darbie,Moodey,Female,dmoodey1e@nhs.uk,1996621494,Naguilian,Ryan,0403
Leonora,Romeril,Female,lromeril1f@guardian.co.uk,4649693853,Itaúna,Mitchell,47716
Carole,Geeves,Female,cgeeves1g@twitter.com,7825787661,Sandaohezi,Lillian,8766
Madison,Inggall,Male,minggall1h@drupal.org,4951155147,Kalá Déndra,Granby,47797
Devy,Gallant,Male,dgallant1i@1und1.de,8483885467,Guimba,Ramsey,1
Kliment,Vasiljevic,Male,kvasiljevic1j@purevolume.com,8072734711,Veiga,Shopko,5504
Tomas,Brandom,Male,tbrandom1k@1688.com,4254603018,Partido,Stang,52022
Trish,de Courcey,Female,tdecourcey1l@storify.com,7003090658,Antaparco,Steensland,660
Traver,Rosenblath,Male,trosenblath1m@bravesites.com,7329928054,Bagong Barrio,Shelley,75
Bartholemy,Twentyman,Male,btwentyman1n@techcrunch.com,9019508015,Smyków,Eastwood,9
Zelig,Falloon,Male,zfalloon1o@joomla.org,6103733756,Fiditi,Bluejay,2
Andrus,Duffett,Male,aduffett1p@mail.ru,6277248136,Yarang,Goodland,37
Gerladina,Colaton,Female,gcolaton1q@cornell.edu,7025179046,Jovellar,Iowa,4
Tynan,Pleasaunce,Male,tpleasaunce1r@yellowbook.com,8994459616,Mahébourg,Lakewood Gardens,00
Gwendolen,Dukes,Female,gdukes1s@unicef.org,1102024200,Sokodé,Cherokee,04
Huntley,Roffey,Male,hroffey1t@go.com,9975736084,Faya-Largeau,Sherman,3
Gardener,Lampitt,Male,glampitt1u@behance.net,5152503210,Fengtang,Melvin,8
Giordano,Raiman,Male,graiman1v@sciencedirect.com,1717104920,Umanday Centro,Clove,6
Rasla,Surgener,Female,rsurgener1w@surveymonkey.com,5892875805,Moengo,Shoshone,541
Terri,Couper,Female,tcouper1x@spiegel.de,1917065114,Yaguachi Nuevo,Arapahoe,5805
Pennie,Dummett,Female,pdummett1y@wordpress.org,6026474408,Jistebník,Gulseth,13
Alexandro,Grellis,Male,agrellis1z@tinypic.com,4589262457,Čair,Acker,13
Laureen,Heaker,Female,lheaker20@marriott.com,2903736643,Lobito,Marquette,03175
Kareem,Remmer,Male,kremmer21@hhs.gov,9111032206,Espérance Trébuchet,Trailsway,789
Fletcher,Tomblett,Male,ftomblett22@uol.com.br,6224365768,Goshogawara,Sunnyside,832
Farris,Haversum,Male,fhaversum23@etsy.com,5809185571,Jincheng,Scoville,07
Melanie,Lawtey,Female,mlawtey24@live.com,6493222501,Kyrylivka,Shoshone,2
Phaedra,Vashchenko,Female,pvashchenko25@youtube.com,2879964539,Xilinji,Colorado,0452
Zechariah,Locker,Male,zlocker26@youtube.com,2863501639,Dalu,American,253
Pancho,Custard,Male,pcustard27@marketwatch.com,3207875771,Los Pinos,Lakewood,24160
Gerhard,Hunnisett,Male,ghunnisett28@biblegateway.com,2643328139,Klyuchevskiy,Norway Maple,854
Lynette,Bamlett,Female,lbamlett29@google.ca,6994072421,Xylaganí,Texas,26169
Horatio,Scibsey,Male,hscibsey2a@jimdo.com,5988039280,Лабуништа,Logan,2459
Guglielma,Yosselevitch,Female,gyosselevitch2b@so-net.ne.jp,6125004256,Estribeiro,Sugar,27672
Adriane,Veal,Female,aveal2c@aol.com,3842043801,Agoo,Hoard,16275
Elisabet,Gentry,Female,egentry2d@army.mil,2886701740,Chavárion,Shasta,334
Lawry,Hanbury,Male,lhanbury2e@cbc.ca,1086218152,Brok,Michigan,38
Erich,De Rechter,Male,ederechter2f@ftc.gov,9116529762,Shiquanhe,Troy,33478
Hayyim,Goggen,Male,hgoggen2g@usatoday.com,4473339204,Shitang,Red Cloud,3881
Roshelle,Scamerdine,Female,rscamerdine2h@spiegel.de,7007578694,Oepula,Troy,122
Mackenzie,Grimbleby,Male,mgrimbleby2i@mlb.com,1731073562,Orguz,Schurz,431
Marietta,Felce,Male,mfelce2j@dagondesign.com,7725585605,Dnestrovsc,Clemons,57
Jenelle,Burdge,Female,jburdge2k@comsenz.com,8935031389,Grabów,Crest Line,1992
Casandra,Bindley,Female,cbindley2l@home.pl,8284622334,Wucun,Porter,2
Moira,Millea,Female,mmillea2m@microsoft.com,9934891275,Prince Rupert,Autumn Leaf,4
Electra,Mersey,Female,emersey2n@yahoo.co.jp,1167230711,Puerto Princesa,Claremont,5
Chadwick,Le Lievre,Male,clelievre2o@example.com,5619442666,West Palm Beach,Clemons,2
Geoff,Mallen,Male,gmallen2p@ustream.tv,5802215345,Orerokpe,Superior,411
Cordelie,Pettitt,Female,cpettitt2q@google.co.uk,4405676174,Balucawi,South,65
Andee,Pressland,Female,apressland2r@t.co,1005869479,Changfa,Vermont,729
